client_id,client_name,device_table,device_id,device_name,month,samples,peak_kw,day_peak_kw,night_peak_kw,solar_window_peak_kw
30,Meadow Hall,main_device,218,Gen_500kVA_NEW,2025-01-01,849,20971.199999999997,20969.28,20971.199999999997,20969.28
30,Meadow Hall,main_device,218,Gen_500kVA_NEW,2025-02-01,5152,20971.199999999997,20968.64,20971.199999999997,20842.88
30,Meadow Hall,main_device,218,Gen_500kVA_NEW,2025-03-01,6349,20971.199999999997,20971.199999999997,20971.199999999997,20971.199999999997
30,Meadow Hall,main_device,218,Gen_500kVA_NEW,2025-04-01,7016,20971.199999999997,20971.199999999997,20971.199999999997,20971.199999999997
30,Meadow Hall,main_device,218,Gen_500kVA_NEW,2025-05-01,6000,20971.199999999997,20971.199999999997,20971.199999999997,20971.199999999997
30,Meadow Hall,main_device,218,Gen_500kVA_NEW,2025-06-01,6129,20971.199999999997,20971.199999999997,20971.199999999997,20971.199999999997
30,Meadow Hall,main_device,218,Gen_500kVA_NEW,2025-07-01,9143,20971.199999999997,20971.199999999997,20971.199999999997,20971.199999999997
30,Meadow Hall,main_device,218,Gen_500kVA_NEW,2025-08-01,5236,20971.199999999997,20971.199999999997,22.400000000000002,20971.199999999997
30,Meadow Hall,main_device,218,Gen_500kVA_NEW,2025-09-01,12106,20971.199999999997,20971.199999999997,20971.199999999997,20971.199999999997
30,Meadow Hall,main_device,218,Gen_500kVA_NEW,2025-10-01,7004,20971.199999999997,20971.199999999997,20971.199999999997,20971.199999999997
30,Meadow Hall,main_device,218,Gen_500kVA_NEW,2025-11-01,6536,20971.199999999997,20968.960000000003,20971.199999999997,20968.960000000003
30,Meadow Hall,main_device,218,Gen_500kVA_NEW,2025-12-01,6829,20971.199999999997,20971.199999999997,20971.199999999997,20971.199999999997
30,Meadow Hall,main_device,218,Gen_500kVA_NEW,2026-01-01,3275,20969.920000000002,131.84,20969.920000000002,131.84
30,Meadow Hall,main_device,219,Gen_500kVA_OLD,2025-01-01,292,221.44,221.44,,221.44
30,Meadow Hall,main_device,219,Gen_500kVA_OLD,2025-05-01,31,357.44,357.44,,141.44
30,Meadow Hall,main_device,219,Gen_500kVA_OLD,2025-08-01,2253,697.6,697.6,334.08000000000004,472.0
30,Meadow Hall,main_device,219,Gen_500kVA_OLD,2025-09-01,231,456.32,456.32,237.12,153.92
30,Meadow Hall,main_device,219,Gen_500kVA_OLD,2025-10-01,106,290.88,127.68,290.88,93.75999999999999
30,Meadow Hall,main_device,219,Gen_500kVA_OLD,2025-11-01,1792,752.0,752.0,425.6,644.16
30,Meadow Hall,main_device,219,Gen_500kVA_OLD,2025-12-01,1427,906.5600000000001,906.5600000000001,410.55999999999995,590.4
30,Meadow Hall,main_device,219,Gen_500kVA_OLD,2026-01-01,10,70.4,70.4,,
30,Meadow Hall,main_device,220,EKEDC,2025-01-01,1691,443.28,443.28,243.11999999999998,443.28
30,Meadow Hall,main_device,220,EKEDC,2025-02-01,11366,392.88,392.88,110.4,392.88
30,Meadow Hall,main_device,220,EKEDC,2025-03-01,14505,425.52,425.52,143.28,425.52
30,Meadow Hall,main_device,220,EKEDC,2025-04-01,12979,413.28,413.28,132.24,413.28
30,Meadow Hall,main_device,220,EKEDC,2025-05-01,17338,388.08,388.08,112.32000000000001,388.08
30,Meadow Hall,main_device,220,EKEDC,2025-06-01,23955,355.2,355.2,110.4,355.2
30,Meadow Hall,main_device,220,EKEDC,2025-07-01,23146,330.48,330.48,118.8,330.48
30,Meadow Hall,main_device,220,EKEDC,2025-08-01,20095,234.96,234.96,100.8,234.96
30,Meadow Hall,main_device,220,EKEDC,2025-09-01,16530,354.48,354.48,139.67999999999998,354.48
30,Meadow Hall,main_device,220,EKEDC,2025-10-01,24261,377.76,377.76,111.36,367.68
30,Meadow Hall,main_device,220,EKEDC,2025-11-01,24026,375.59999999999997,375.59999999999997,132.0,375.59999999999997
30,Meadow Hall,main_device,220,EKEDC,2025-12-01,15064,357.36,357.36,126.48,357.36
30,Meadow Hall,main_device,220,EKEDC,2026-01-01,11890,364.32,364.32,124.32000000000001,364.32
30,Meadow Hall,main_device,221,KITCHEN METER,2025-01-01,4814,68.16,68.16,37.04,68.16
30,Meadow Hall,main_device,222,OVEN METER,2025-01-01,6582,6.48,6.48,1.24,6.48
30,Meadow Hall,main_device,222,OVEN METER,2025-02-01,5811,1.32,1.32,1.1600000000000001,1.24
30,Meadow Hall,main_device,222,OVEN METER,2025-03-01,4853,7.92,7.92,1.12,7.92
30,Meadow Hall,main_device,222,OVEN METER,2025-04-01,4876,1.28,1.28,1.2,1.28
30,Meadow Hall,main_device,222,OVEN METER,2025-05-01,5029,4.12,4.12,1.32,4.12
30,Meadow Hall,main_device,222,OVEN METER,2025-06-01,6490,2.72,2.72,0.0,2.72
30,Meadow Hall,main_device,222,OVEN METER,2025-07-01,6660,1.44,1.44,1.1600000000000001,1.44
30,Meadow Hall,main_device,222,OVEN METER,2025-08-01,6588,1.36,1.36,1.28,1.36
30,Meadow Hall,main_device,222,OVEN METER,2025-09-01,6200,1.08,1.08,0.16,1.08
30,Meadow Hall,main_device,222,OVEN METER,2025-10-01,6610,0.76,0.76,0.0,0.76
30,Meadow Hall,main_device,222,OVEN METER,2025-11-01,6385,1.4000000000000001,1.4000000000000001,1.1600000000000001,1.4000000000000001
30,Meadow Hall,main_device,222,OVEN METER,2025-12-01,5512,1.24,1.24,1.12,1.2
30,Meadow Hall,main_device,222,OVEN METER,2026-01-01,3135,8.44,8.44,1.04,1.12
30,Meadow Hall,main_device,223,SPORT ARENA,2025-01-01,5483,25.04,18.64,25.04,18.64
30,Meadow Hall,main_device,223,SPORT ARENA,2025-02-01,4545,28.799999999999997,12.88,28.799999999999997,12.88
30,Meadow Hall,main_device,223,SPORT ARENA,2025-03-01,3598,30.64,23.919999999999998,30.64,14.0
30,Meadow Hall,main_device,223,SPORT ARENA,2025-04-01,3644,35.76,17.68,35.76,16.080000000000002
30,Meadow Hall,main_device,223,SPORT ARENA,2025-05-01,4262,27.599999999999998,12.48,27.599999999999998,12.48
30,Meadow Hall,main_device,223,SPORT ARENA,2025-06-01,5613,25.2,14.32,25.2,14.32
30,Meadow Hall,main_device,223,SPORT ARENA,2025-07-01,5827,28.32,18.240000000000002,28.32,9.6
30,Meadow Hall,main_device,223,SPORT ARENA,2025-08-01,5159,32.480000000000004,12.48,32.480000000000004,12.48
30,Meadow Hall,main_device,223,SPORT ARENA,2025-09-01,5188,39.76,18.32,39.76,17.92
30,Meadow Hall,main_device,223,SPORT ARENA,2025-10-01,5900,44.720000000000006,35.2,44.720000000000006,26.720000000000002
30,Meadow Hall,main_device,223,SPORT ARENA,2025-11-01,6092,48.08,25.6,48.08,25.6
30,Meadow Hall,main_device,223,SPORT ARENA,2025-12-01,3236,42.96,26.8,42.96,18.16
30,Meadow Hall,main_device,223,SPORT ARENA,2026-01-01,1992,42.56,16.64,42.56,16.4
