day_local,branch_id,device_id,daily_active_production,daily_consumption,daily_energy_buy,daily_energy_sell
2025-11-04,4,2,51.3,100.4,36.9,0.0
2025-11-04,4,4,102.7,121.9,36.4,0.0
2025-11-05,4,2,51.3,102.4,44.9,0.0
2025-11-05,4,4,102.7,122.6,44.2,0.0
2025-11-06,4,2,47.2,103.2,47.1,0.0
2025-11-06,4,4,92.7,120.6,46.4,0.0
2025-11-07,4,2,47.2,97.9,48.2,0.0
2025-11-07,4,4,91.3,111.0,47.7,0.0
2025-11-08,4,2,63.0,108.5,49.9,0.0
2025-11-08,4,4,110.0,128.4,49.4,0.0
2025-11-09,4,2,63.0,109.0,36.4,0.0
2025-11-09,4,4,110.0,128.8,35.7,0.0
2025-11-10,4,2,62.2,103.4,35.4,0.0
2025-11-10,4,4,90.6,108.7,34.2,0.0
2025-11-11,4,2,62.2,104.3,31.0,0.0
2025-11-11,4,4,90.6,111.8,30.6,0.0
2025-11-12,4,2,51.9,90.4,31.8,0.0
2025-11-12,4,4,93.5,104.2,31.5,0.0
2025-11-13,4,2,58.6,97.7,29.5,0.0
2025-11-13,4,4,102.4,109.0,28.8,0.0
2025-11-14,4,2,58.6,100.3,33.7,0.0
2025-11-14,4,4,102.4,110.1,33.2,0.0
2025-11-15,4,2,41.6,85.4,36.0,0.0
2025-11-15,4,4,82.9,98.8,35.3,0.0
2025-11-16,4,2,41.1,94.2,37.2,0.0
2025-11-16,4,4,80.4,105.1,36.5,0.0
2025-11-17,4,2,50.0,102.4,40.2,0.0
2025-11-17,4,4,98.5,120.7,39.6,0.0
2025-11-18,4,2,50.0,103.1,42.1,0.0
2025-11-18,4,4,98.5,121.4,41.9,0.0
2025-11-19,4,2,47.5,95.3,36.2,0.0
2025-11-19,4,4,93.7,108.4,35.6,0.0
2025-11-20,4,2,45.9,96.1,36.1,0.0
2025-11-20,4,4,91.9,109.0,36.2,0.0
2025-11-21,4,2,43.0,84.8,47.7,0.0
2025-11-21,4,4,86.9,96.0,47.0,0.0
2025-11-22,4,2,49.6,89.4,49.1,0.0
2025-11-22,4,4,98.0,108.8,48.3,0.0
2025-11-23,4,2,49.6,90.5,35.6,0.0
2025-11-23,4,4,98.0,109.9,35.0,0.0
2025-11-24,4,2,49.5,92.6,31.6,0.0
2025-11-24,4,4,92.8,107.8,31.3,0.0
2025-11-25,4,2,52.3,100.6,35.1,0.0
2025-11-25,4,4,102.9,120.1,34.6,0.0
2025-11-26,4,2,52.3,110.3,55.9,0.0
2025-11-26,4,4,102.9,120.7,55.4,0.0
2025-11-27,4,2,42.5,112.9,59.9,0.0
2025-11-27,4,4,67.3,115.3,60.9,0.0
2025-11-28,4,2,51.6,116.3,63.2,0.0
2025-11-28,4,4,85.3,126.3,64.1,0.0
2025-11-29,4,2,51.6,117.2,62.1,0.0
2025-11-29,4,4,86.1,127.1,61.4,0.0
2025-11-30,4,2,43.7,97.6,42.5,0.0
2025-11-30,4,4,86.1,109.1,42.2,0.0
2025-12-01,4,2,49.2,105.6,44.4,0.0
2025-12-01,4,4,96.8,124.1,43.7,0.0
2025-12-02,4,2,49.2,106.2,46.8,0.0
2025-12-02,4,4,96.8,124.8,46.1,0.0
2025-12-03,4,2,47.5,104.2,54.4,0.0
2025-12-03,4,4,88.8,116.1,53.8,0.0
2025-12-04,4,2,38.9,105.1,57.6,0.0
2025-12-04,4,4,78.3,116.9,56.9,0.0
2025-12-05,4,2,38.3,100.9,54.4,0.0
2025-12-05,4,4,77.6,115.0,53.8,0.0
2025-12-06,4,2,37.0,101.4,56.7,0.0
2025-12-06,4,4,74.2,111.1,55.9,0.0
2025-12-07,4,2,37.0,101.3,55.3,0.0
2025-12-07,4,4,74.2,111.7,54.5,0.0
2025-12-08,4,2,35.2,102.5,56.3,0.0
2025-12-08,4,4,70.7,109.7,55.7,0.0
2025-12-09,4,2,44.0,103.3,59.4,0.0
2025-12-09,4,4,76.8,110.4,58.7,0.0
2025-12-10,4,2,46.4,105.6,50.5,0.0
2025-12-10,4,4,93.2,120.5,49.7,0.0
2025-12-11,4,2,46.4,106.4,49.7,0.0
2025-12-11,4,4,93.2,121.3,49.0,0.0
2025-12-12,4,2,50.7,110.4,50.6,0.0
2025-12-12,4,4,89.1,125.0,50.0,0.0
2025-12-13,4,2,50.7,111.8,53.4,0.0
2025-12-13,4,4,89.1,125.7,52.7,0.0
2025-12-14,4,2,48.5,103.3,49.1,0.0
2025-12-14,4,4,80.2,114.5,49.0,0.0
2025-12-15,4,2,44.2,105.3,51.6,0.0
2025-12-15,4,4,74.3,109.8,51.5,0.0
2025-12-16,4,2,44.2,106.1,60.0,0.0
2025-12-16,4,4,71.9,110.5,59.5,0.0
2025-12-17,4,2,47.8,100.2,63.3,0.0
2025-12-17,4,4,80.8,106.9,62.1,0.0
2025-12-18,4,2,47.8,97.5,42.8,0.0
2025-12-18,4,4,84.3,107.6,42.9,0.0
2025-12-19,4,2,47.7,119.3,61.1,0.0
2025-12-19,4,4,84.3,129.7,61.1,0.0
2025-12-20,4,2,47.7,120.1,63.9,0.0
2025-12-20,4,4,79.3,130.4,63.9,0.0
2025-12-21,4,2,44.3,109.2,60.3,0.0
2025-12-21,4,4,75.3,118.4,60.4,0.0
2025-12-22,4,2,44.3,100.9,48.5,0.0
2025-12-22,4,4,75.3,110.1,48.3,0.0
2025-12-23,4,2,40.9,84.0,19.0,0.0
2025-12-23,4,4,56.1,111.3,19.0,0.0
2025-12-24,4,2,47.9,118.1,66.8,0.0
2025-12-24,4,4,79.3,140.1,65.4,0.0
2025-12-25,4,2,55.2,118.1,70.0,0.0
2025-12-25,4,4,85.2,140.9,68.6,0.0
2025-12-26,4,2,55.2,112.1,48.9,0.0
2025-12-26,4,4,85.2,135.5,48.8,0.0
2025-12-27,4,2,38.8,112.1,0.0,0.0
2025-12-27,4,4,76.4,136.2,0.0,0.0
2025-12-28,4,2,45.4,112.4,0.0,0.0
2025-12-28,4,4,73.2,128.6,0.0,0.0
2025-12-29,4,2,45.4,112.7,0.0,0.0
2025-12-29,4,4,73.2,122.8,0.0,0.0
2025-12-30,4,2,62.3,116.1,0.0,0.0
2025-12-30,4,4,99.7,143.8,0.0,0.0
2025-12-31,4,2,62.3,117.7,0.0,0.0
2025-12-31,4,4,99.7,144.6,0.0,0.0
2026-01-01,4,2,52.2,107.5,0.0,0.0
2026-01-01,4,4,87.9,129.9,0.0,0.0
2026-01-02,4,2,52.2,96.0,0.0,0.0
2026-01-02,4,4,87.9,117.9,0.0,0.0
2026-01-03,4,2,55.1,109.3,0.0,0.0
2026-01-03,4,4,95.6,136.5,0.0,0.0
2026-01-04,4,2,55.1,110.0,0.0,0.0
2026-01-04,4,4,95.6,137.2,0.0,0.0
2026-01-05,4,2,45.1,84.9,0.0,0.0
2026-01-05,4,4,89.7,106.1,0.0,0.0
2026-01-06,4,2,50.8,93.2,0.0,0.0
2026-01-06,4,4,90.0,115.5,0.0,0.0
2026-01-08,4,2,0.0,18.7,0.0,0.0
2026-01-08,4,4,0.0,17.7,0.0,0.0
2026-01-09,4,2,44.0,33.0,0.0,0.0
2026-01-09,4,4,64.4,31.5,0.0,0.0
2026-01-10,4,2,44.0,33.0,0.0,0.0
2026-01-10,4,4,64.4,31.5,0.0,0.0
2026-01-11,4,2,20.7,80.2,0.0,0.0
2026-01-11,4,4,34.0,89.9,0.0,0.0
2026-01-12,4,2,43.7,90.4,0.0,0.0
2026-01-12,4,4,85.7,113.6,0.0,0.0
2026-01-13,4,2,43.7,91.8,0.0,0.0
2026-01-13,4,4,85.7,114.3,0.0,0.0
2026-01-14,4,2,51.3,88.2,0.0,0.0
2026-01-14,4,4,73.0,95.7,0.0,0.0
2026-01-15,4,2,60.7,102.8,0.0,0.0
2026-01-15,4,4,73.0,110.4,0.0,0.0
2026-01-16,4,2,62.1,104.7,0.0,0.0
2026-01-16,4,4,85.4,118.0,0.0,0.0
2026-01-17,4,2,62.1,105.4,0.0,0.0
2026-01-17,4,4,85.4,118.7,0.0,0.0
2026-01-18,4,2,63.4,93.0,0.0,0.0
2026-01-18,4,4,78.1,106.8,0.0,0.0
2026-01-19,4,2,64.0,109.0,0.0,0.0
2026-01-19,4,4,78.1,116.0,0.0,0.0
2026-01-20,4,2,64.0,109.8,0.0,0.0
2026-01-20,4,4,75.0,116.9,0.0,0.0
2026-01-21,4,2,41.3,74.3,0.0,0.0
2026-01-21,4,4,54.9,74.6,0.0,0.0
